Rut Hagu,tttao@mertad.com,2023-12-29 11:00:09.000
Greta Urso,blia@second-anal.com,2023-12-24 09:27:01.111
Roman Vertza,guro@gmail.com,2023-12-20 15:06:23.002
Isabella Trevisan, isabella.trevisan@email.com, 2024-01-05 09:12:45.001
Marco Rossi, marco.rossi@fake-mail.com, 2023-11-18 14:30:10.005
Francesca Bianchi, francesca.bianchi@mail.org, 2024-02-02 21:45:36.003
Alessio Fiore, alessio.fiore@gmail.com, 2023-10-15 08:22:17.007
Chiara Rizzo, chiara.rizzo@fake-mail.org, 2023-09-08 12:55:42.004
Luca Moretti, luca.moretti@mail.com, 2024-03-25 17:18:59.006
Marta Esposito, marta.esposito@email.org, 2023-07-30 23:40:28.002
Giovanni Ferri, giovanni.ferri@fake-mail.com, 2024-04-12 10:08:14.009
Sofia De Luca, sofia.deluca@mail.org, 2023-12-01 16:33:20.008
Matteo Conti, matteo.conti@email.com, 2023-08-14 05:47:55.001
Sara Longo, sara.longo@fake-mail.org, 2024-01-22 18:10:41.005
Davide Mancini, davide.mancini@mail.com, 2023-11-05 13:28:03.007
Alessia Russo, alessia.russo@email.org, 2024-02-18 22:50:29.004
Giorgio Costa, giorgio.costa@fake-mail.com, 2023-10-22 07:15:54.002
Elena Ferrari, elena.ferrari@mail.org, 2024-03-07 11:38:37.006
Lorenzo Santoro, lorenzo.santoro@gmail.com, 2023-09-15 03:02:02.008
Valentina Marchi, valentina.marchi@fake-mail.org, 2023-08-01 08:25:48.003
Federico Barbieri, federico.barbieri@mail.com, 2024-04-24 14:48:13.001
Giulia Pellegrini, giulia.pellegrini@email.com, 2023-07-13 20:10:59.009
Andrea Romano, andrea.romano@fake-mail.org, 2024-01-29 01:33:44.007
Laura Marini, laura.marini@mail.com, 2023-12-12 06:56:19.005
Simone Gatti, simone.gatti@email.org, 2024-02-26 12:18:55.003
Alessandra Lombardi, alessandra.lombardi@fake-mail.com, 2023-10-29 17:41:30.002
Paolo Russo, paolo.russo@mail.org, 2024-03-14 22:04:05.009
Chiara Vitali, chiara.vitali@gmail.com, 2023-09-22 03:27:40.007
Luca De Angelis, luca.deangelis@fake-mail.org, 2023-08-05 08:50:15.004
Martina Martini, martina.martini@mail.com, 2024-05-06 14:12:51.002
Davide Ferrari, davide.ferrari@email.org, 2023-07-26 19:35:26.001
Sofia Mancini, sofia.mancini@fake-mail.com, 2024-02-09 00:58:02.008
Francesco Serra, francesco.serra@mail.org, 2023-11-01 06:20:37.006
Elisa De Luca, elisa.deluca@gmail.com, 2024-04-16 11:43:12.004
Marco Rizzo, marco.rizzo@fake-mail.org, 2023-12-05 17:05:47.001
Giulia Romano, giulia.romano@mail.com, 2024-01-18 22:28:22.009
Andrea Ferri, andrea.ferri@email.org, 2023-09-10 03:50:57.007
Valentina Costa, valentina.costa@fake-mail.com, 2023-08-23 09:13:32.005
Alessio Moretti, alessio.moretti@mail.org, 2024-03-31 14:36:08.002
Chiara Esposito, chiara.esposito@gmail.com, 2023-07-17 19:58:43.001
Lorenzo Barbieri, lorenzo.barbieri@fake-mail.org, 2024-02-02 01:21:18.008
Sara Conti, sara.conti@mail.com, 2023-10-06 06:43:53.006
Marco De Angelis, marco.deangelis@email.org, 2024-05-19 12:06:28.004
Francesca Serra, francesca.serra@fake-mail.com, 2023-11-22 17:29:03.002
Matteo Vitali, matteo.vitali@mail.org, 2024-01-04 22:51:38.001
Sofia Longo, sofia.longo@gmail.com, 2023-08-17 04:14:13.009
Giovanni Pellegrini, giovanni.pellegrini@fake-mail.org, 2024-04-07 09:36:49.007
Elena Lombardi, elena.lombardi@mail.com, 2023-07-01 14:59:24.004
Andrea Mancini, andrea.mancini@email.org, 2023-12-16 20:22:59.003
Martina Pellegrini, martina.pellegrini@fake-mail.com, 2024-02-09 01:45:34.001
Alessandro Rizzo, alessandro.rizzo@mail.org, 2023-10-22 07:08:09.008
Laura De Luca, laura.deluca@gmail.com, 2024-03-06 12:30:45.006
Davide Ferri, davide.ferri@fake-mail.org,2024-03-06 12:30:45.006
Sofia Marini, sofia.marini@mail.com, 2023-08-02 23:15:55.002
Francesco Gatti, francesco.gatti@email.org, 2024-04-24 04:38:30.009
Chiara Russo, chiara.russo@example.com, 2023-07-14 09:01:05.007
Lorenzo Martini, lorenzo.martini@mail.org, 2024-01-28 14:23:40.005
Valentina Mancini, valentina.mancini@gmail.com, 2023-11-10 19:46:15.002
Simone Esposito, simone.esposito@example.org, 2024-05-02 01:08:50.001
Giulia Pellegrini, giulia.pellegrini@mail.com, 2023-07-25 06:31:25.009
Andrea Barbieri, andrea.barbieri@email.org, 2024-02-17 11:54:00.007
Martina Romano, martina.romano@example.com, 2023-10-30 17:16:35.004
Alessio Longo, alessio.longo@mail.org, 2024-03-15 22:39:10.002
Sara Rizzo, sara.rizzo@gmail.com, 2023-09-03 04:01:45.009
Marco Serra, marco.serra@example.org, 2023-08-18 09:24:21.006
Francesca Marchi, francesca.marchi@mail.com, 2024-04-01 14:46:56.004
Giovanni De Luca, giovanni.deluca@email.org, 2023-07-15 20:09:31.002
Elena Esposito, elena.esposito@example.com, 2024-01-08 01:32:06.001
Alessandro Lombardi, alessandro.lombardi@mail.org, 2023-11-21 06:54:41.009
Valentina Ferri, valentina.ferri@gmail.com, 2024-05-15 12:17:17.007
Andrea Costa, andrea.costa@example.org, 2023-08-28 17:39:52.005
Sofia Martini, sofia.martini@mail.com, 2023-12-09 23:02:27.003
Francesco Pellegrini, francesco.pellegrini@email.org, 2024-02-23 04:25:02.001
Chiara Romano, chiara.romano@example.com, 2023-10-13 09:47:37.009
Lorenzo Esposito, lorenzo.esposito@mail.org, 2024-03-28 15:10:12.007
Marta Mancini, marta.mancini@gmail.com, 2023-09-05 20:32:48.004
Davide Pellegrini, davide.pellegrini@example.org, 2023-08-08 01:55:23.002
Alessia Lombardi, alessia.lombardi@mail.com, 2024-04-19 07:17:58.001
Giorgio Vitali, giorgio.vitali@email.org, 2023-07-03 12:40:33.008
Elena Mancini, elena.mancini@example.com, 2024-01-16 18:03:08.006
Luca Russo, luca.russo@mail.org, 2023-11-28 23:25:43.003
Sara Barbieri, sara.barbieri@gmail.com, 2024-05-10 04:48:18.001
Marco Lombardi, marco.lombardi@example.org, 2023-07-20 10:10:53.009
Francesca Ferri, francesca.ferri@mail.com, 2023-12-03 15:33:28.007
Alessandro Marchi, alessandro.marchi@email.org, 2024-02-14 20:56:03.005
Valentina Romano, valentina.romano@example.com, 2023-10-25 02:18:38.002
Andrea Serra, andrea.serra@mail.org, 2024-04-07 07:41:13.009
Sofia Costa, sofia.costa@gmail.com, 2023-08-11 13:03:48.006
Giovanni Romano, giovanni.romano@example.org, 2023-09-24 18:26:23.004
Chiara Pellegrini, chiara.pellegrini@mail.com, 2024-03-10 23:49:58.002
Lorenzo Mancini, lorenzo.mancini@email.org, 2023-07-06 05:12:33.001
Martina Russo, martina.russo@example.com, 2024-01-30 10:35:08.008
Davide Longo, davide.longo@mail.org, 2023-11-15 15:57:43.006
Sara Ferrari, sara.ferrari@gmail.com, 2024-05-03 21:20:18.004
Marco De Luca, marco.deluca@example.org, 2023-08-21 02:42:53.003
Francesca Esposito, francesca.esposito@mail.com, 2024-02-05 08:05:28.001
Alessandro Barbieri, alessandro.barbieri@email.org, 2023-09-27 13:28:03.009
Valentina Pellegrini, valentina.pellegrini@example.com, 2023-10-09 18:50:38.007
Andrea Lombardi, andrea.lombardi@mail.org, 2024-04-02 00:13:13.004
Chiara Serra, chiara.serra@gmail.com, 2023-07-29 05:35:48.002
Lorenzo Romano, lorenzo.romano@example.org, 2024-01-12 10:58:23.001
Marta Pellegrini, marta.pellegrini@mail.com, 2023-12-26 16:20:58.008
Sofia Rodriguez, sofia.rodriguez@email.com, 2023-11-18 11:47:38.001
Andrei Popov, andrei.popov@email.com, 2024-01-07 20:14:59.004
Aisha Khan, aisha.khan@email.com, 2023-10-02 14:03:22.003
Juan Carlos Sánchez, juan.carlos@email.com, 2023-08-26 05:55:34.002
Katarina Petrov, katarina.petrov@email.com, 2023-12-10 21:28:47.001
Hiroshi Yamamoto, hiroshi.yamamoto@email.com, 2023-07-15 15:36:58.005
Leila Ahmed, leila.ahmed@email.com, 2024-01-04 09:04:11.003
Dmitri Ivanov, dmitri.ivanov@email.com, 2023-09-28 02:17:23.002
Zara Aliyeva, zara.aliyeva@email.com, 2023-11-22 17:43:36.004
Viktor Kowalski, viktor.kowalski@email.com, 2023-10-05 22:16:49.002
Mia Chen, mia.chen@email.com, 2023-06-18 03:28:00.001
Arjun Patel, arjun.patel@email.com, 2023-12-23 08:56:12.003
Amara Nkosi, amara.nkosi@email.com, 2023-09-14 12:37:24.001
Santiago Fernandez, santiago.fernandez@email.com, 2024-01-11 18:09:37.005
Elina Järvinen, elina.jarvinen@email.com, 2023-08-07 21:51:49.004
Thiago Costa, thiago.costa@email.com, 2023-11-02 01:24:02.002
Ingrid Bergman, ingrid.bergman@email.com, 2023-10-16 06:55:13.001
Jamal El-Mansour, jamal.elmansour@email.com, 2023-07-30 11:22:26.003
Ananya Rao, ananya.rao@email.com, 2024-01-17 15:50:37.002
Aleksander Nowak, aleksander.nowak@email.com, 2023-09-10 20:17:48.001
Svetlana Ivanova, svetlana.ivanova@email.com, 2023-12-05 00:44:59.005
Rafael Silva, rafael.silva@email.com, 2023-08-20 04:12:11.004
Mai Nguyen, mai.nguyen@email.com, 2023-11-25 09:39:22.003
Lars Jensen, lars.jensen@email.com, 2024-01-20 14:06:34.002
Carmen Gutierrez, carmen.gutierrez@email.com, 2023-09-03 17:33:47.001
Andrej Kovač, andrej.kovac@email.com, 2023-10-18 22:01:58.005
Leyla Hassan, leyla.hassan@email.com, 2023-06-22 02:29:11.004
Nikolai Petrovski, nikolai.petrovski@email.com, 2023-12-15 07:56:22.003
Aaliyah Jackson, aaliyah.jackson@email.com, 2023-08-05 12:23:34.001
Amir Al-Farsi, amir.alfarsi@email.com, 2024-01-25 17:50:47.004
Anya Sokolova, anya.sokolova@email.com, 2023-09-17 22:17:58.003
José Torres, jose.torres@email.com, 2023-11-11 02:45:11.002
Yuki Tanaka, yuki.tanaka@email.com, 2023-10-25 07:12:24.001
Henrik Sørensen, henrik.sorensen@email.com, 2023-07-08 11:39:37.005
Fatima Mohammed, fatima.mohammed@email.com, 2024-02-01 16:06:48.004
Pavel Ivanov, pavel.ivanov@email.com, 2023-12-20 20:33:59.002
Mia Olsen, mia.olsen@email.com, 2023-09-12 01:01:10.001
Rajesh Kapoor, rajesh.kapoor@email.com, 2023-11-27 05:28:22.003
Amélie Dubois, amelie.dubois@email.com, 2023-10-02 10:55:34.002
Santiago Rodriguez, santiago.rodriguez@email.com, 2024-02-06 15:22:47.001
Aisha al-Mansour, aisha.almansour@email.com, 2023-08-15 19:50:58.005
Wolfgang Schmidt, wolfgang.schmidt@email.com, 2023-11-30 00:18:11.004
Mia Chang, mia.chang@email.com, 2023-10-14 04:45:22.003
Dmitry Volkov, dmitry.volkov@email.com, 2024-02-11 09:12:34.002
Elena Petrova, elena.petrova@email.com, 2023-09-07 13:39:47.001
Carlos Rodriguez, carlos.rodriguez@email.com, 2023-12-02 18:06:58.005
Sofia Kowalska, sofia.kowalska@email.com, 2023-07-26 21:34:10.004
Abdul Rahman, abdul.rahman@email.com, 2024-02-16 02:01:22.003
Luna García, luna.garcia@email.com, 2023-10-09 06:28:34.002
Ivan Novák, ivan.novak@email.com, 2023-11-24 10:55:47.001
Ahmed Al-Mansouri, ahmed.almansouri@email.com, 2023-09-30 04:44:34.002
Leila Nkosi, leila.nkosi@email.com, 2024-02-26 09:11:47.001
Maxime Lefevre, maxime.lefevre@email.com, 2023-11-14 13:38:58.005
Anton Petrov, anton.petrov@email.com, 2023-10-28 18:06:10.004
Maria Santos, maria.santos@email.com, 2024-03-02 22:33:22.003
Hiroshi Nakamura, hiroshi.nakamura@email.com, 2023-08-21 03:00:34.002
Katerina Vasiliev, katerina.vasiliev@email.com, 2023-12-14 07:27:47.001
Amir Al-Farsi, amir.alfarsi@email.com, 2023-09-05 11:54:58.005
Elena Popova, elena.popova@email.com, 2024-03-09 12:22:10.004
Samuel Osei, samuel.osei@email.com, 2023-11-19 16:49:22.003
Mei Chen, mei.chen@email.com, 2023-10-03 21:16:34.002
Nikolai Sokolov, nikolai.sokolov@email.com, 2024-03-14 01:43:47.001
Luna Fernandez, luna.fernandez@email.com, 2023-08-06 06:11:58.005
Ahmed Mahmoud, ahmed.mahmoud@email.com, 2023-12-01 10:39:10.004
Emilia Järvinen, emilia.jarvinen@email.com, 2023-09-23 15:06:22.003
Carlos Gomez, carlos.gomez@email.com, 2024-03-19 15:33:34.002
Yuki Suzuki, yuki.suzuki@email.com, 2023-11-02 20:00:47.001
Khaled Al-Mansour, khaled.almansour@email.com, 2023-10-17 00:28:58.005
Anya Sokolov, anya.sokolov@email.com, 2024-03-24 04:56:10.004
Luca Ferrari, luca.ferrari@email.com, 2023-08-10 09:23:22.003
Nia Jackson, nia.jackson@email.com, 2023-12-05 13:50:34.002
Amir Al-Mansouri, amir.almansouri@email.com, 2024-03-29 19:17:47.001
Sofia Ivanova, sofia.ivanova@email.com, 2023-09-14 23:44:58.005
Pavel Petrov, pavel.petrov@email.com, 2023-11-07 04:12:10.004
Amina Malik, amina.malik@email.com, 2024-04-03 08:39:22.003
Andrei Ivanov, andrei.ivanov@email.com, 2023-10-20 13:06:34.002
Isabella Santoro, isabella.santoro@email.com, 2023-12-15 17:33:47.001
Khaled Al-Mansouri, khaled.almansouri@email.com, 2024-04-08 22:00:58.005
Emilia Järvinen, emilia.jarvinen@email.com, 2023-09-04 02:28:10.004
Andrei Popov, andrei.popov@email.com, 2023-11-29 07:55:22.003
Mia Chang, mia.chang@email.com, 2024-04-13 12:22:34.002
Henrik Sørensen, henrik.sorensen@email.com, 2023-10-12 16:49:47.001
Isabella Moreno, isabella.moreno@email.com, 2023-12-18 21:17:58.005
Zolthar QX87, zolthar.qx87@martianmail.com, 2023-11-15 09:45:32.001
Xylox VZ42, xylox.vz42@martianmail.com, 2024-01-02 18:20:11.005
Krytara K76, krytara.k76@martianmail.com, 2023-10-08 12:34:45.003
Aelon JQ12, aelon.jq12@martianmail.com, 2023-09-21 07:15:56.004
Nuvia W3X, nuvia.w3x@martianmail.com, 2023-12-05 22:48:09.002
Zarnak LP9, zarnak.lp9@martianmail.com, 2023-08-14 14:27:30.001
Vylara ZE54, vylara.ze54@martianmail.com, 2024-01-03 10:55:17.003
Qyran M81, qyran.m81@martianmail.com, 2023-07-19 04:12:28.002
Xandar OQ33, xandar.oq33@martianmail.com, 2023-11-30 19:38:41.005
Zylox QF77, zylox.qf77@martianmail.com, 2023-10-12 23:09:52.004
Fyron ZX18, fyron.zx18@martianmail.com, 2023-06-26 08:21:04.001
Vorkan PL62, vorkan.pl62@martianmail.com, 2023-12-15 13:50:15.003
Zelara HX44, zelara.hx44@martianmail.com, 2023-09-05 17:32:26.002
Draxus KF29, draxus.kf29@martianmail.com, 2023-11-22 17:43:36.004
Xar, vx71@martianmail.com, 2023-10-05 22:16:49.002
Lythor ZP12, lythor.zp12@martianmail.com, 2023-06-18 03:28:00.001
Zephyr QW86, zephyr.qw86@martianmail.com, 2023-12-23 08:56:12.003
Astra HY49, astra.hy49@martianmail.com, 2023-09-14 12:37:24.001
Orion FQ72, orion.fq72@martianmail.com, 2024-01-11 18:09:37.005
Nyla JX32, nyla.jx32@martianmail.com, 2023-08-07 21:51:49.004
Zyroth KV54, zyroth.kv54@martianmail.com, 2024-01-04 09:04:11.003
Vortek ZM88, vortek.zm88@martianmail.com, 2023-09-28 02:17:23.002
Quasar GP15, quasar.gp15@martianmail.com, 2023-11-22 17:43:36.004
Xara VX71, xara.vx71@martianmail.com, 2023-10-05 22:16:49.002
Vortex ZX99, vortex.zx99@martianmail.com, 2023-06-18 03:28:00.001
Zyra GX22, zyra.gx22@martianmail.com, 2023-12-23 08:56:12.003
Nebula NX65, nebula.nx65@martianmail.com, 2023-09-14 12:37:24.001
Stellar LX78, stellar.lx78@martianmail.com, 2024-01-11 18:09:37.005
Eclipse EQ91, eclipse.eq91@martianmail.com, 2023-08-07 21:51:49.004
Quasar GP15, quasar.gp15@martianmail.com, 2024-01-04 09:04:11.003
Zethor QP27, zethor.qp27@martianmail.com, 2023-09-28 02:17:23.002
ZK33, aelara.zk33@martianmail.com, 2023-11-22 17:43:36.004
Solaris ZN44, solaris.zn44@martianmail.com, 2023-10-05 22:16:49.002
Zephyra QL67, zephyra.ql67@martianmail.com, 2023-06-18 03:28:00.001
Zylox QF, zylox.77@martianmail.com, 2023-12-23 08:56:12.003
Astra HY49, astra.hy49@martianmail.com, 2023-09-14 12:37:24.001
Orion FQ72, orion.fq72@martianmail.com, 2024-01-11 18:09:37.005
Nyla JX32, nyla.jx32@martianmail.com, 2023-08-07 21:51:49.004
Zyroth KV54, zyroth.kv54@martianmail.com, 2024-01-04 09:04:11.003
Vortek ZM88, vortek.zm88@martianmail.com, 2023-09-28 02:17:23.002
Quasar GP13, quasar.gp13@martianmail.com, 2023-11-22 17:43:36.004
Xara VX71, xara.vx71@martianmail.com, 2023-10-05 22:16:49.002
Vortex ZX99, vortex.zx99@martianmail.com, 2023-06-18 03:28:00.001
Zolthar387, zolthar387@martianmail.com, 2023-12-15 13:50:15.003
Xylox742, xylox742@martianmail.com, 2023-09-05 17:32:26.002
Krytara76, krytara76@martianmail.com, 2023-11-22 17:43:36.004
Aelon12, aelon12@martianmail.com, 2023-10-05 22:16:49.002
Nuvia3X, nuvia3x@martianmail.com, 2023-06-18 03:28:00.001
Zarnak9LP, zarnak9lp@martianmail.com, 2023-12-23 08:56:12.003
Vylara54ZE, vylara54ze@martianmail.com, 2023-09-14 12:37:24.001
QyranM81, qyranm81@martianmail.com, 2024-01-11 18:09:37.005
XandarOQ33, xandaroq33@martianmail.com, 2023-08-07 21:51:49.004
Zylox77QF, zylox77qf@martianmail.com, 2023-11-04 09:04:11.003
Fyron18ZX, fyron18zx@martianmail.com, 2023-09-28 02:17:23.002
VorkanPL62, vorkanpl62@martianmail.com, 2023-11-22 17:43:36.004
Zelara44HX, zelara44hx@martianmail.com, 2023-10-05 22:16:49.002
Draxus29KF, draxus29kf@martianmail.com, 2023-06-18 03:28:00.001
Xara71VX, xara71vx@martianmail.com, 2023-12-23 08:56:12.003
Xyroth54KV, xyroth54kv@martianmail.com, 2023-09-14 12:37:24.001
Vortek88ZM, vortek88zm@martianmail.com, 2024-01-11 18:09:37.005
Quasar15GP, quasar15gp@martianmail.com, 2023-08-07 21:51:49.004
Zethor27QP, zethor27qp@martianmail.com, 2024-01-04 09:04:11.003
Aelara33ZK, aelara33zk@martianmail.com, 2023-09-28 02:17:23.002
Solaris44ZN, solaris44zn@martianmail.com, 2023-11-22 17:43:36.004
Zephyra67QL, zephyra67ql@martianmail.com, 2023-10-05 22:16:49.002
Zylox77QF, zylox77qf@martianmail.com, 2023-06-18 03:28:00.001
Astra49HY, astra49hy@martianmail.com, 2023-12-23 08:56:12.003
Orion72FQ, orion72fq@martianmail.com, 2023-09-14 12:37:24.001
Nyla32JX, nyla32jx@martianmail.com, 2024-01-11 18:09:37.005
Zyroth54KV, zyroth54kv@martianmail.com, 2023-08-07 21:51:49.004
Vortek88ZM, vortek88zm@martianmail.com, 2024-01-04 09:04:11.003
Quasar15GP, quasar15gp@martianmail.com, 2023-09-28 02:17:23.002
Xara71VX, xara71vx@martianmail.com, 2023-11-22 17:43:36.004
Vortex99ZX, vortex99zx@martianmail.com, 2023-06-18 03:28:00.001
Zyra22GX, zyra22gx@martianmail.com, 2023-12-23 08:56:12.003
Nebula65NX, nebula65nx@martianmail.com, 2023-09-14 12:37:24.001
Stellar78LX, stellar78lx@martianmail.com, 2024-01-11 18:09:37.005
Eclipse91EQ, eclipse91eq@martianmail.com, 2023-08-07 21:51:49.004
Quasar15GP, quasar15gp@martianmail.com, 2024-01-04 09:04:11.003
Zethor27QP, zethor27qp@martianmail.com, 2023-09-28 02:17:23.002
Aelara33ZK, aelara33zk@martianmail.com, 2023-11-22 17:43:36.004
Solaris44ZN, solaris44zn@martianmail.com, 2023-10-05 22:16:49.002
Zephyra67QL, zephyra67ql@martianmail.com, 2023-06-18 03:28:00.001
Zylox77QF, zylox77qf@martianmail.com, 2023-12-23 08:56:12.003
Astra49HY, astra49hy@martianmail.com, 2023-09-14 12:37:24.001
Orion72FQ, orion72fq@martianmail.com, 2024-01-11 18:09:37.005
Nyla32JX, nyla32jx@martianmail.com, 2023-08-07 21:51:49.004
Vladimir Ivanov, vladimir.ivanov@marssky.ru, 2023-11-22 17:43:36.004
Ekaterina Smirnova, ekaterina.smirnova@cosmicmail.ru, 2023-09-28 02:17:23.002
Nikolai Petrov, nikolai.petrov@redplanet.ru, 2023-11-22 17:43:36.004
Svetlana Popova, svetlana.popova@cosmosmail.ru, 2023-06-18 03:28:00.001
Ivan Zolotov, ivan.zolotov@marssky.ru, 2023-12-23 08:56:12.003
Olga Sokolova, olga.sokolova@cosmicmail.ru, 2023-09-14 12:37:24.001
Dmitri Ivanenko, dmitri.ivanenko@redplanet.ru, 2024-01-11 18:09:37.005
Elena Volkova, elena.volkova@cosmosmail.ru, 2023-08-07 21:51:49.004
Yuri Korolev, yuri.korolev@marssky.ru, 2024-01-04 09:04:11.003
Anastasia Belova, anastasia.belova@cosmicmail.ru, 2023-09-28 02:17:23.002
Sergei Ivanovich, sergei.ivanovich@redplanet.ru, 2023-11-22 17:43:36.004
Irina Petrovna, irina.petrovna@cosmosmail.ru, 2023-08-07 21:51:49.004
Winston Harper, winston.harper@britishcosmos.uk, 2023-11-22 17:43:36.004
Penelope Hamilton, penelope.hamilton@spacebritain.uk, 2023-09-28 02:17:23.002
Rupert Kensington, rupert.kensington@redorbit.uk, 2023-11-22 17:43:36.004
Victoria Lancaster, victoria.lancaster@britishcosmos.uk, 2023-06-18 03:28:00.001
Arthur Sinclair, arthur.sinclair@cosmicengland.uk, 2023-12-23 08:56:12.003
Eleanor Kingsley, eleanor.kingsley@spacebritain.uk, 2023-09-14 12:37:24.001
Alfred Windsor, alfred.windsor@redorbit.uk, 2024-01-11 18:09:37.005
Charlotte Essex, charlotte.essex@cosmicengland.uk, 2023-08-07 21:51:49.004
Edmund Oxford, edmund.oxford@britishcosmos.uk, 2024-01-04 09:04:11.003
Matilda Wellington, matilda.wellington@spacebritain.uk, 2023-09-28 02:17:23.002
Reginald Cornwallis, reginald.cornwallis@redorbit.uk, 2023-11-22 17:43:36.004
Tabitha Manchester, tabitha.manchester@cosmicengland.uk, 2023-08-07 21:51:49.004
Cedric Stratford, cedric.stratford@britishcosmos.uk, 2023-12-23 08:56:12.003
Florence Lancashire, florence.lancashire@spacebritain.uk, 2023-09-14 12:37:24.001
Humphrey Bristol, humphrey.bristol@redorbit.uk, 2024-01-11 18:09:37.005
Isabella Thames, isabella.thames@cosmicengland.uk, 2023-08-07 21:51:49.004
Percival Surrey, percival.surrey@britishcosmos.uk, 2024-01-04 09:04:11.003
Arabella Sussex, arabella.sussex@spacebritain.uk, 2023-09-28 02:17:23.002
Montgomery Bedford, montgomery.bedford@redorbit.uk, 2023-11-22 17:43:36.004
Henrietta Yorkshire, henrietta.yorkshire@cosmicengland.uk, 2023-08-07 21:51:49.004
Algernon Exeter, algernon.exeter@britishcosmos.uk, 2023-12-23 08:56:12.003
Prudence Cambridge, prudence.cambridge@spacebritain.uk, 2023-09-14 12:37:24.001
Percival Leicester, percival.leicester@redorbit.uk, 2024-01-11 18:09:37.005
Seraphina Westminster, seraphina.westminster@cosmicengland.uk, 2023-08-07 21:51:49.004
Reginald Canterbury, reginald.canterbury@britishcosmos.uk, 2024-01-04 09:04:11.003
Henrietta Windsor, henrietta.windsor@spacebritain.uk, 2023-09-28 02:17:23.002
Cedric Oxford, cedric.oxford@redorbit.uk, 2023-11-22 17:43:36.004
Penelope Manchester, penelope.manchester@cosmicengland.uk, 2023-08-07 21:51:49.004
Archibald Essex, archibald.essex@britishcosmos.uk, 2023-12-23 08:56:12.003
Isabella Oxford, isabella.oxford@spacebritain.uk, 2023-09-14 12:37:24.001
Algernon Bristol, algernon.bristol@redorbit.uk, 2024-01-11 18:09:37.005
Matilda Sussex, matilda.sussex@cosmicengland.uk, 2023-08-07 21:51:49.004
Percival York, percival.york@britishcosmos.uk, 2024-01-04 09:04:11.003
Arabella Manchester, arabella.manchester@spacebritain.uk, 2023-09-28 02:17:23.002
Montgomery Oxford, montgomery.oxford@redorbit.uk, 2023-11-22 17:43:36.004
Henrietta Canterbury, henrietta.canterbury@cosmicengland.uk, 2023-08-07 21:51:49.004
Algernon Exeter, algernon.exeter@britishcosmos.uk, 2023-12-23 08:56:12.003
Prudence Cambridge, prudence.cambridge@spacebritain.uk, 2023-09-14 12:37:24.001
Percival Leicester, percival.leicester@redorbit.uk, 2024-01-11 18:09:37.005
Seraphina Westminster, seraphina.westminster@cosmicengland.uk, 2023-08-07 21:51:49.004